id;item_title;item_description;item_image_path;item_price;item_count;item_codes;to_id;is_sent_to_id
1;Hat;encoding background;Brunei Dollar;monitor Global;97071;deposit;Borders;true
2;Games microchip;EXE;Steel Bedfordshire;SSL;12864;Burundi Franc;Incredible USB;true
3;sensor revolutionize;connecting;Computers SSL lime;dynamic;84487;24/7;Salad Avon Tennessee;false
4;Personal Loan Account Home Loan Account backing up;impactful coherent sensor;Trace Granite asymmetric;Coordinator;22119;Virginia quantify;Saint Martin;true
5;Designer;Creative cyan e-services;Borders Internal;Borders;36945;Cotton open-source;connect models systems;true
6;SQL digital;New Zealand Dollar card Home;Berkshire Avenue AGP;Open-source transmit;85985;Beauty Granite Cambridgeshire;scalable bandwidth Generic Granite Shoes;true
7;holistic;Vatu;Springs Chair Car;turn-key;41595;orange;North Dakota;false
8;Avon Exclusive;action-items Generic Quality;Hat Home Loan Account microchip;Interactions Director;36335;Hills;olive cultivate;true
9;SMTP;Ball Concrete;reinvent;mesh;34464;Cameroon;protocol Mauritius Rupee;false
10;primary;value-added;back-end West Virginia;primary;58996;harness;Planner;true
