id;email;password;full_name;image_path;phone_number;created_date;is_active;device_type;device_token;balance
1;Elda.Schulist79@hotmail.com;RSS Field;reboot;Wallis and Futuna methodologies;Applications e-markets Dynamic;Pizza Tasty Plastic Pants circuit;true;63555;synthesizing;index
2;Kathryn_Gutkowski@yahoo.com;Quality Texas Ball;Expanded Fish;Steel;hack Marketing;Practical;true;26001;program JSON;Gloves cross-platform Officer
3;Deonte.Cruickshank@gmail.com;Licensed Malaysian Ringgit iterate;PCI focus group strategize;Outdoors paradigm;Avon;Concrete;true;15391;Intranet Tools;Handcrafted salmon payment
4;Kyra.Little38@gmail.com;Avon;Savings Account application;static Cambridgeshire;JSON interface;standardization;false;24059;quantify Micronesia Niger;ivory
5;Toby.Mitchell24@gmail.com;payment Frozen;Bedfordshire;Jewelery;Shoes;open system;false;46257;Incredible quantifying;Refined Metal Salad transmit Engineer
6;Maye_Denesik@gmail.com;Bhutan payment;compress;Quality-focused Sleek Avon;Rhode Island Refined;Synergized Borders;true;92890;quantify Guadeloupe;Practical Egyptian Pound
7;Ronny_Eichmann@yahoo.com;Tasty Soft Shoes intranet parse;Chicken;Kwacha Kentucky back up;Personal Loan Account leading-edge;Gold quantifying;true;35033;gold Home Rustic;Hawaii invoice Plastic
8;Natasha95@yahoo.com;Checking Account input;withdrawal Handcrafted Horizontal;synthesize facilitate;Oklahoma;Administrator;false;39905;Turkey vertical;bypassing European Unit of Account 17(E.U.A.-17) Personal Loan Account
9;Juston19@gmail.com;Crossroad red;Computer Integration;architectures repurpose Chicken;Handcrafted;Bedfordshire Table;true;11484;cross-media;Administrator multi-byte
10;Fernando1@yahoo.com;Assurance extend Visionary;Wyoming Kids;clicks-and-mortar salmon;applications;transmitting XML program;false;28448;Intelligent Practical Plastic Soap redundant;Steel
